City_ID,City,Country,Date,Lat,Lng,Max Temp,Humidity,Cloudiness,Wind Speed
0,Albany,US,2022-08-31 22:59:17,42.6001,-73.9662,74.03,61,23,6.49
1,Bluff,NZ,2022-08-31 23:01:20,-46.6,168.3333,57.79,83,94,4.63
2,Nanortalik,GL,2022-08-31 23:01:21,60.1432,-45.2371,41.07,78,72,9.89
3,Cherskiy,RU,2022-08-31 23:01:21,68.75,161.3,40.39,75,100,4.81
4,Ushuaia,AR,2022-08-31 22:57:28,-54.8,-68.3,46.06,66,40,5.75
5,Nanakuli,US,2022-08-31 23:01:22,21.3906,-158.1547,86.99,64,42,8.16
6,Arman,RU,2022-08-31 23:01:23,59.7,150.1667,57.02,71,9,5.03
7,Tasiilaq,GL,2022-08-31 23:01:23,65.6145,-37.6368,37.56,96,91,8.3
8,Isangel,VU,2022-08-31 23:01:24,-19.55,169.2667,75.76,61,96,15.48
9,Hermanus,ZA,2022-08-31 23:01:25,-34.4187,19.2345,59.11,47,46,11.43
10,Grindavik,IS,2022-08-31 23:01:25,63.8424,-22.4338,48.67,87,75,12.66
11,Alyangula,AU,2022-08-31 23:01:26,-13.8483,136.4192,78.8,72,2,8.99
12,Mataura,NZ,2022-08-31 23:01:26,-46.1927,168.8643,57.47,62,52,3.13
13,New Norfolk,AU,2022-08-31 23:01:27,-42.7826,147.0587,54.9,67,94,3.0
14,Hilo,US,2022-08-31 23:01:28,19.7297,-155.09,89.28,84,60,3.0
15,Galle,LK,2022-08-31 22:57:13,6.0367,80.217,76.95,87,99,14.32
16,Port Lincoln,AU,2022-08-31 23:01:28,-34.7333,135.8667,53.11,71,34,8.12
17,Lorengau,PG,2022-08-31 23:01:20,-2.0226,147.2712,83.01,79,89,11.03
18,Itajuba,BR,2022-08-31 23:01:29,-22.4256,-45.4528,55.31,53,0,3.91
19,Tuktoyaktuk,CA,2022-08-31 23:01:30,69.4541,-133.0374,57.0,60,56,7.43
20,Voi,KE,2022-08-31 23:01:30,-3.3945,38.563,65.97,83,17,8.63
21,Butaritari,KI,2022-08-31 23:01:30,3.0707,172.7902,82.13,75,7,19.84
22,Barrow,US,2022-08-31 23:00:23,71.2906,-156.7887,39.22,93,100,23.02
23,Selkirk,CA,2022-08-31 22:58:06,50.1436,-96.8845,89.11,46,0,12.24
24,Bubaque,GW,2022-08-31 23:01:33,11.2833,-15.8333,79.83,81,100,16.96
25,Norman Wells,CA,2022-08-31 22:57:12,65.282,-126.8329,66.24,55,40,5.75
26,Antakya,TR,2022-08-31 23:01:33,36.2066,36.1572,79.86,52,24,4.72
27,Tambopata,PE,2022-08-31 23:01:34,-12.7333,-69.1833,79.03,44,0,3.29
28,Bambous Virieux,MU,2022-08-31 23:01:34,-20.3428,57.7575,68.56,77,13,4.68
29,Igrim,RU,2022-08-31 23:01:35,63.1906,64.4162,39.76,79,78,4.68
30,Chuy,UY,2022-08-31 23:01:35,-33.6971,-53.4616,54.0,92,87,8.25
31,Comodoro Rivadavia,AR,2022-08-31 23:01:35,-45.8667,-67.5,55.31,45,40,29.73
32,Busselton,AU,2022-08-31 23:01:36,-33.65,115.3333,46.44,83,0,9.57
33,Samana,DO,2022-08-31 23:01:37,19.2056,-69.3369,79.43,86,77,7.36
34,Palu,ID,2022-08-31 23:01:02,-0.8917,119.8707,76.03,93,16,2.55
35,Nizhniy Kuranakh,RU,2022-08-31 23:01:37,58.8353,125.4869,44.06,67,30,3.24
36,Shenkursk,RU,2022-08-31 23:01:39,62.1091,42.896,45.37,96,100,14.63
37,Hobart,AU,2022-08-31 22:57:07,-42.8794,147.3294,56.26,73,20,6.91
38,Sao Filipe,CV,2022-08-31 23:01:40,14.8961,-24.4956,77.92,81,88,5.03
39,Atuona,PF,2022-08-31 23:01:40,-9.8,-139.0333,77.07,67,5,21.39
40,Severo-Kurilsk,RU,2022-08-31 23:01:41,50.6789,156.125,57.58,74,100,2.3
41,Port Elizabeth,ZA,2022-08-31 23:00:17,-33.918,25.5701,57.31,78,0,7.0
42,Talnakh,RU,2022-08-31 23:01:41,69.4865,88.3972,37.54,85,15,2.37
43,Rosario Oeste,BR,2022-08-31 23:01:42,-14.8361,-56.4275,86.32,23,17,4.79
44,Lompoc,US,2022-08-31 23:01:42,34.6391,-120.4579,79.84,65,0,13.8
45,Jamestown,US,2022-08-31 23:00:03,42.097,-79.2353,74.01,44,4,8.99
46,Tuatapere,NZ,2022-08-31 23:01:43,-46.1333,167.6833,58.01,74,73,2.46
47,Rikitea,PF,2022-08-31 23:01:37,-23.1203,-134.9692,73.33,76,1,4.43
48,Palmer,US,2022-08-31 23:02:43,42.1584,-72.3287,77.25,52,20,10.36
49,Cabarroguis,PH,2022-08-31 23:02:43,16.5833,121.5,77.32,90,81,2.62
50,Thompson,CA,2022-08-31 23:02:43,55.7435,-97.8558,57.43,47,98,3.4
51,Qaanaaq,GL,2022-08-31 23:02:44,77.484,-69.3632,31.82,68,0,3.18
52,Ancud,CL,2022-08-31 23:02:44,-41.8697,-73.8203,47.23,88,100,7.31
53,Kodiak,US,2022-08-31 23:02:44,57.79,-152.4072,53.58,97,100,6.33
54,Port Hedland,AU,2022-08-31 23:02:45,-20.3167,118.5667,68.05,56,40,8.05
55,Oranjemund,NA,2022-08-31 23:02:45,-28.55,16.4333,57.99,80,40,9.42
56,Dikson,RU,2022-08-31 23:01:41,73.5069,80.5464,40.24,90,92,13.69
57,Aklavik,CA,2022-08-31 23:02:45,68.2191,-135.0107,66.72,41,76,2.08
58,Gijon,ES,2022-08-31 23:01:33,43.5357,-5.6615,66.0,92,34,1.99
59,Willowmore,ZA,2022-08-31 23:02:45,-33.2926,23.4895,46.81,49,0,5.64
60,Marsa Matruh,EG,2022-08-31 23:02:46,31.3525,27.2453,77.14,74,0,7.43
61,Linxia,CN,2022-08-31 23:02:46,35.6003,103.2064,51.91,72,69,3.69
62,Kavieng,PG,2022-08-31 23:02:46,-2.5744,150.7967,84.61,64,97,17.49
63,Gravdal,NO,2022-08-31 23:02:47,68.1214,13.5031,48.97,76,100,6.85
64,Perdika,GR,2022-08-31 23:02:47,39.3689,20.3039,72.45,68,5,3.15
65,Khatanga,RU,2022-08-31 23:02:47,71.9667,102.5,37.15,96,100,17.22
66,Vaini,TO,2022-08-31 23:02:48,-21.2,-175.2,71.71,69,1,17.0
67,Bukama,CD,2022-08-31 23:02:48,-9.2,25.85,83.59,28,100,0.74
68,Quatre Cocos,MU,2022-08-31 23:02:48,-20.2078,57.7625,68.45,77,16,3.53
69,Longyearbyen,SJ,2022-08-31 23:01:04,78.2186,15.6401,37.24,87,75,11.5
70,Altamira,BR,2022-08-31 23:02:48,-3.2033,-52.2064,80.42,54,29,3.53
71,Sabla,NG,2022-08-31 23:02:49,12.7525,4.7077,79.3,75,95,8.52
72,Lagos,NG,2022-08-31 22:58:26,6.5833,3.75,75.52,92,100,5.01
73,Ilulissat,GL,2022-08-31 23:02:49,69.2167,-51.1,39.22,87,100,9.22
74,Pisco,PE,2022-08-31 23:02:49,-13.7,-76.2167,60.03,82,2,7.36
75,Namtsy,RU,2022-08-31 23:02:49,62.7161,129.6658,44.69,83,100,2.93
76,Tarko-Sale,RU,2022-08-31 23:02:50,64.9225,77.785,41.9,83,65,8.34
77,Puerto Ayora,EC,2022-08-31 23:02:50,-0.7393,-90.3518,69.55,91,90,7.0
78,Abbeville,FR,2022-08-31 23:00:48,50.1,1.8333,67.96,55,100,8.84
79,Katubao,PH,2022-08-31 23:02:50,5.8892,124.8294,81.43,78,91,1.9
80,Vilhena,BR,2022-08-31 23:02:50,-12.7406,-60.1458,77.07,32,5,2.55
81,Muyezerskiy,RU,2022-08-31 23:02:51,63.9333,31.65,42.93,77,100,13.53
82,Vestmannaeyjar,IS,2022-08-31 23:02:51,63.4427,-20.2734,50.67,76,98,12.53
83,Punta Arenas,CL,2022-08-31 23:02:51,-53.15,-70.9167,44.11,81,100,11.32
84,Klyuchi,RU,2022-08-31 23:02:52,52.2667,79.1667,65.26,49,19,7.87
85,Mar Del Plata,AR,2022-08-31 23:02:52,-38.0023,-57.5575,57.09,88,99,13.0
86,Yumen,CN,2022-08-31 23:02:52,40.2833,97.2,65.73,28,81,1.16
87,Aswan,EG,2022-08-31 23:02:52,24.0934,32.907,90.41,31,1,14.58
88,Fereydun Kenar,IR,2022-08-31 23:02:53,36.6864,52.5225,78.35,69,0,4.47
89,Avarua,CK,2022-08-31 23:02:53,-21.2078,-159.775,80.65,78,20,9.22
90,Pokoynoye,RU,2022-08-31 23:02:53,44.8097,44.2517,79.97,37,1,6.96
91,Port Keats,AU,2022-08-31 23:02:54,-14.25,129.55,79.72,70,38,4.27
92,Yei,SS,2022-08-31 23:03:54,4.095,30.6779,65.55,95,100,0.58
93,Pizarro,CO,2022-08-31 23:03:54,4.9533,-77.366,77.07,89,77,8.03
94,Upernavik,GL,2022-08-31 23:03:54,72.7868,-56.1549,39.85,89,100,20.36
95,Agbor,NG,2022-08-31 23:03:55,6.2518,6.1934,72.59,98,100,3.42
96,Ofunato,JP,2022-08-31 23:01:36,39.0717,141.7167,78.71,85,90,6.49
97,Nouadhibou,MR,2022-08-31 23:03:55,20.931,-17.0347,75.61,93,100,4.76
98,Castro,BR,2022-08-31 23:01:28,-24.7911,-50.0119,51.87,86,10,7.31
99,Hesla,IN,2022-08-31 23:03:55,24.0667,85.8833,78.87,82,100,3.11
100,Mastic Beach,US,2022-08-31 23:03:56,40.7668,-72.8521,82.6,42,2,4.0
101,Pevek,RU,2022-08-31 23:03:56,69.7008,170.3133,33.37,85,100,12.84
102,Airai,TL,2022-08-31 23:03:56,-8.9266,125.4092,63.54,63,70,3.0
103,Maldonado,UY,2022-08-31 23:02:15,-34.6667,-54.9167,61.23,85,82,5.97
104,Magistralnyy,RU,2022-08-31 23:03:56,56.1725,107.4458,56.55,90,100,11.41
105,Yichang,CN,2022-08-31 23:03:57,30.7144,111.2847,70.02,63,100,4.34
106,Mangrol,IN,2022-08-31 23:03:57,21.1167,70.1167,79.79,83,90,10.58
107,Aksu,CN,2022-08-31 23:00:29,41.1231,80.2644,68.72,40,0,3.0
108,Kapaa,US,2022-08-31 23:03:50,22.0752,-159.319,85.19,60,20,12.66
109,Lasa,IT,2022-08-31 23:03:57,46.6166,10.7002,56.7,91,94,4.56
110,Jacareacanga,BR,2022-08-31 23:03:58,-6.2222,-57.7528,83.25,32,23,0.58
111,Arraial Do Cabo,BR,2022-08-31 22:59:15,-22.9661,-42.0278,62.56,72,0,8.05
112,Lebu,CL,2022-08-31 23:03:58,-37.6167,-73.65,49.6,90,10,11.97
113,Brunsbuttel,DE,2022-08-31 23:03:58,53.9,9.15,57.43,74,3,6.64
114,Kenai,US,2022-08-31 23:01:11,60.5544,-151.2583,53.69,94,100,10.36
115,Zapolyarnyy,RU,2022-08-31 23:03:58,69.4154,30.8136,40.28,84,94,6.46
116,Chokurdakh,RU,2022-08-31 23:03:59,70.6333,147.9167,44.65,52,100,5.93
117,Itarema,BR,2022-08-31 23:03:59,-2.9248,-39.9167,77.83,75,6,14.45
118,Luganville,VU,2022-08-31 23:03:59,-15.5333,167.1667,78.78,79,94,15.19
119,Wamba,NG,2022-08-31 23:03:59,8.9333,8.6,72.25,93,96,4.63
120,Hithadhoo,MV,2022-08-31 23:04:00,-0.6,73.0833,80.51,75,95,16.6
121,Nikolskoye,RU,2022-08-31 23:04:00,59.7035,30.7861,46.29,95,100,11.41
122,Krasnyy Kholm,RU,2022-08-31 23:04:00,58.0607,37.1203,46.36,80,98,15.9
123,Maralal,KE,2022-08-31 23:04:00,1.0968,36.698,59.85,67,65,4.94
124,Farah,AF,2022-08-31 23:04:01,32.5,62.5,73.24,16,0,2.51
125,Bredasdorp,ZA,2022-08-31 23:04:01,-34.5322,20.0403,51.37,68,45,8.48
126,Port Macquarie,AU,2022-08-31 23:00:18,-31.4333,152.9167,62.89,71,3,2.77
127,Avera,US,2022-08-31 23:04:01,33.194,-82.5271,91.54,52,79,2.8
128,Hongjiang,CN,2022-08-31 23:04:02,27.11,109.9956,70.21,76,100,2.3
129,Gabu,GW,2022-08-31 23:04:03,12.2833,-14.2167,72.86,98,100,2.55
130,Saskylakh,RU,2022-08-31 23:04:03,71.9167,114.0833,39.58,96,100,12.57
131,Port Alfred,ZA,2022-08-31 23:04:04,-33.5906,26.891,55.18,76,0,5.01
132,Cap Malheureux,MU,2022-08-31 23:01:38,-19.9842,57.6142,70.95,72,8,3.83
133,Bathsheba,BB,2022-08-31 23:04:04,13.2167,-59.5167,81.21,78,20,8.05
134,Kathu,TH,2022-08-31 23:04:05,7.9178,98.3332,85.75,85,100,5.73
135,Copiapo,CL,2022-08-31 23:03:23,-27.3667,-70.3333,56.75,69,0,7.14
136,Lakes Entrance,AU,2022-08-31 23:04:06,-37.8811,147.981,49.15,71,1,6.17
137,Ishigaki,JP,2022-08-31 23:04:07,24.3448,124.1572,80.73,100,100,16.11
138,Coahuayana,MX,2022-08-31 23:04:07,18.7333,-103.6833,86.2,72,92,9.4
139,Porbandar,IN,2022-08-31 23:04:07,21.6422,69.6093,80.04,81,96,10.96
140,Pochutla,MX,2022-08-31 23:04:08,15.7432,-96.4661,86.83,75,99,5.5
141,Yeppoon,AU,2022-08-31 23:04:08,-23.1333,150.7333,65.98,82,78,12.35
142,East London,ZA,2022-08-31 23:05:09,-33.0153,27.9116,56.8,69,0,16.8
143,Singapore,SG,2022-08-31 23:02:05,1.2897,103.8501,80.46,88,75,3.44
144,Port Maria,JM,2022-08-31 23:05:09,18.3685,-76.8895,84.06,86,100,7.47
145,Yellowknife,CA,2022-08-31 23:02:39,62.456,-114.3525,61.14,62,91,11.54
146,Hami,CN,2022-08-31 23:05:10,42.8,93.45,71.37,29,95,6.96
147,Genhe,CN,2022-08-31 23:05:10,50.7833,121.5167,42.84,48,74,3.69
148,Klaksvik,FO,2022-08-31 23:05:11,62.2266,-6.589,50.92,90,12,17.25
149,Bethel,US,2022-08-31 23:05:11,41.3712,-73.414,79.11,44,0,6.91
150,Opuwo,NA,2022-08-31 23:05:12,-18.0607,13.84,66.43,42,5,4.07
151,Walvis Bay,NA,2022-08-31 23:05:12,-22.9575,14.5053,59.09,91,28,3.74
152,Taywarah,AF,2022-08-31 23:05:12,33.35,64.4167,51.44,21,0,4.59
153,Braganca,BR,2022-08-31 23:05:13,-1.0536,-46.7656,77.45,80,71,4.68
154,Morro Bay,US,2022-08-31 23:01:19,35.3658,-120.8499,87.21,53,11,11.01
155,Poum,NC,2022-08-31 23:05:13,-20.2333,164.0167,75.13,76,73,18.41
156,Hare Bay,CA,2022-08-31 23:05:14,48.8499,-54.0148,66.47,76,57,6.24
157,Ayan,RU,2022-08-31 23:05:14,56.45,138.1667,55.98,91,53,10.4
158,Geraldton,AU,2022-08-31 23:05:14,-28.7667,114.6,48.61,71,2,5.75
159,Andenes,NO,2022-08-31 23:05:15,69.3143,16.1194,47.93,71,100,9.22
160,Baykit,RU,2022-08-31 23:05:15,61.67,96.37,39.02,93,100,10.4
161,Ponta Do Sol,PT,2022-08-31 23:05:16,32.6667,-17.1,72.23,67,98,6.76
162,Leningradskiy,RU,2022-08-31 23:04:56,69.3833,178.4167,33.19,99,100,12.44
163,Campo Formoso,BR,2022-08-31 23:05:16,-10.5075,-40.3214,66.11,72,87,10.78
164,Cidreira,BR,2022-08-31 23:05:17,-30.1811,-50.2056,61.07,80,0,19.51
165,Egvekinot,RU,2022-08-31 23:02:45,66.3167,-179.1667,39.87,83,99,19.22
166,Kungurtug,RU,2022-08-31 23:05:17,50.5994,97.5228,44.06,78,48,1.97
167,Cape Town,ZA,2022-08-31 23:05:18,-33.9258,18.4232,69.1,32,46,10.29
168,Xiaoweizhai,CN,2022-08-31 23:05:18,26.1903,107.5125,64.87,95,77,3.71
169,Odienne,CI,2022-08-31 23:05:19,9.51,-7.5692,70.32,97,95,0.63
170,Benghazi,LY,2022-08-31 23:02:06,32.1167,20.0667,80.94,68,0,12.8
171,Nelson Bay,AU,2022-08-31 23:05:20,-32.7167,152.15,64.99,97,5,3.0
172,Xunchang,CN,2022-08-31 23:05:20,28.4543,104.715,66.61,90,100,1.25
173,Mayo,US,2022-08-31 23:05:21,38.8876,-76.5119,83.17,56,0,6.91
174,Auki,SB,2022-08-31 23:05:21,-8.7676,160.7034,81.88,73,97,4.99
175,Bailen,ES,2022-08-31 23:05:21,38.0964,-3.7779,82.49,28,0,4.12
176,Esmeralda,CU,2022-08-31 23:05:22,21.8525,-78.1169,84.36,67,35,9.66
177,Ribeira Grande,PT,2022-08-31 23:05:22,38.5167,-28.7,72.72,81,85,8.19
178,Thunder Bay,CA,2022-08-31 23:03:41,48.4001,-89.3168,69.4,40,81,8.99
179,Esperance,AU,2022-08-31 23:05:23,-33.8667,121.9,52.72,79,49,5.61
180,Mpika,ZM,2022-08-31 23:05:24,-11.8343,31.4529,60.73,60,36,14.58
181,Tiksi,RU,2022-08-31 23:05:25,71.6872,128.8694,41.41,93,88,5.59
182,Tilichiki,RU,2022-08-31 23:05:25,60.4667,166.1,51.75,52,1,14.52
183,Shypyntsi,UA,2022-08-31 23:05:25,48.3768,25.7466,63.73,55,83,1.95
184,Newport,GB,2022-08-31 23:05:26,51.5877,-2.9984,64.94,70,98,14.67
185,Varhaug,NO,2022-08-31 23:05:26,58.6147,5.6457,57.47,81,12,8.77
186,Victoria,HK,2022-08-31 23:05:27,22.2855,114.1577,86.32,84,24,4.0
187,Turukhansk,RU,2022-08-31 23:05:28,65.8167,87.9833,38.03,97,94,4.83
188,Zalantun,CN,2022-08-31 23:06:28,48.0,122.7167,48.45,65,65,4.79
189,Ratnagiri,IN,2022-08-31 23:06:28,16.9833,73.3,79.61,92,82,7.02
190,Roblin,CA,2022-08-31 23:06:29,51.23,-101.3565,87.96,28,0,10.89
191,High Level,CA,2022-08-31 23:06:29,58.5169,-117.136,76.26,33,48,3.83
192,Ewa Beach,US,2022-08-31 23:05:38,21.3156,-158.0072,87.75,50,100,19.57
193,Charters Towers,AU,2022-08-31 23:06:30,-20.1,146.2667,70.68,58,18,13.35
194,Imeni Babushkina,RU,2022-08-31 23:06:31,59.7573,43.1285,51.87,95,100,9.46
195,Bengkulu,ID,2022-08-31 23:06:20,-3.8004,102.2655,74.7,90,81,3.94
196,Vanimo,PG,2022-08-31 23:06:31,-2.6741,141.3028,80.94,80,55,5.06
197,Saint Anthony,US,2022-08-31 23:06:19,45.0205,-93.218,88.95,44,0,10.36
198,Bandarbeyla,SO,2022-08-31 23:06:31,9.4942,50.8122,76.14,84,99,22.41
199,Matagami,CA,2022-08-31 23:02:40,49.7502,-77.6328,50.11,81,100,10.36
200,Miyako,JP,2022-08-31 23:06:32,39.6367,141.9525,76.19,91,73,4.81
201,The Valley,AI,2022-08-31 23:02:28,18.217,-63.0578,83.82,70,1,13.4
202,Foix,FR,2022-08-31 23:06:32,42.8333,1.5833,61.5,82,36,5.35
203,Murgab,TM,2022-08-31 23:06:33,37.4966,61.9714,75.13,19,0,8.72
204,Cam Ranh,VN,2022-08-31 23:06:33,11.9214,109.1591,76.96,88,20,2.3
205,Nara,JP,2022-08-31 23:05:22,34.6851,135.8049,79.5,83,100,1.07
206,Kalmunai,LK,2022-08-31 23:06:33,7.4167,81.8167,74.98,93,100,3.44
207,Okhotsk,RU,2022-08-31 23:06:34,59.3833,143.3,59.52,85,16,9.84
208,Huilong,CN,2022-08-31 23:06:34,31.8111,121.655,75.92,73,92,11.48
209,Katsuura,JP,2022-08-31 23:03:53,35.1333,140.3,82.42,82,5,19.3
210,San Policarpo,PH,2022-08-31 23:06:34,12.1791,125.5072,79.93,84,64,5.55
211,Necochea,AR,2022-08-31 23:06:35,-38.5473,-58.7368,56.12,76,100,8.41
212,Saldanha,ZA,2022-08-31 23:06:35,-33.0117,17.9442,60.33,61,37,12.33
213,Kuusankoski,FI,2022-08-31 23:06:36,60.907,26.6244,47.41,87,0,12.66
214,Sabang,ID,2022-08-31 23:06:36,5.8933,95.3214,81.66,75,98,13.04
215,Sao Felix Do Xingu,BR,2022-08-31 23:04:21,-6.6447,-51.995,83.01,34,60,2.48
216,Deputatskiy,RU,2022-08-31 23:06:36,69.3,139.9,48.07,69,68,3.36
217,Oyama,JP,2022-08-31 23:03:58,36.3,139.8,82.58,65,74,6.13
218,Champerico,GT,2022-08-31 23:06:37,14.3,-91.9167,81.14,79,100,7.0
219,Puerto Escondido,MX,2022-08-31 23:06:37,15.85,-97.0667,86.83,58,40,3.44
220,Georgetown,MY,2022-08-31 23:01:52,5.4112,100.3354,80.53,94,20,4.61
221,Greytown,ZA,2022-08-31 23:06:37,-29.0642,30.5928,39.04,91,0,0.92
222,Merauke,ID,2022-08-31 23:06:38,-8.4667,140.3333,79.25,83,62,10.92
223,Agadir,MA,2022-08-31 23:06:38,30.4202,-9.5982,73.85,65,51,3.76
224,Back Mountain,US,2022-08-31 23:05:32,41.3359,-75.9963,73.72,69,24,1.86
225,Bardiyah,LY,2022-08-31 23:06:38,31.7561,25.0865,78.08,76,4,10.33
226,Calabozo,VE,2022-08-31 23:06:38,8.9242,-67.4293,75.6,93,93,3.94
227,Vila Franca Do Campo,PT,2022-08-31 23:06:39,37.7167,-25.4333,73.81,83,83,1.61
228,Santo Antonio Do Sudoeste,BR,2022-08-31 23:06:39,-26.0736,-53.7253,58.39,73,2,3.42
229,Bambanglipuro,ID,2022-08-31 23:06:39,-7.95,110.2833,75.02,91,100,6.13
230,Kieta,PG,2022-08-31 23:06:40,-6.2167,155.6333,82.08,76,78,2.84
231,Beringovskiy,RU,2022-08-31 23:06:40,63.05,179.3167,45.18,91,100,16.42
232,Rapar,IN,2022-08-31 23:06:40,23.5667,70.6333,81.72,77,45,11.43
233,Crato,BR,2022-08-31 23:06:41,-7.2342,-39.4094,75.69,52,52,11.21
234,Paramonga,PE,2022-08-31 23:06:41,-10.6667,-77.8333,61.92,82,18,12.77
235,Belmonte,BR,2022-08-31 23:06:41,-15.8631,-38.8828,68.68,77,89,11.7
236,Sorland,NO,2022-08-31 23:06:42,67.667,12.6934,50.45,69,100,9.06
237,Gvarv,NO,2022-08-31 23:07:42,59.3875,9.1737,51.03,80,8,2.06
238,Leon,MX,2022-08-31 23:04:57,21.1167,-101.6667,78.85,54,96,2.19
239,Bud,US,2022-08-31 23:07:42,39.447,-86.1758,80.67,55,0,5.82
240,Guangyuan,CN,2022-08-31 23:07:25,32.442,105.823,63.9,86,98,0.63
241,Saint-Philippe,RE,2022-08-31 23:07:43,-21.3585,55.7679,67.59,78,13,3.47
242,Mana,GF,2022-08-31 23:07:43,5.6592,-53.7767,78.98,87,88,6.89
243,Marawi,PH,2022-08-31 23:07:43,7.9986,124.2928,72.16,89,100,4.03
244,Bogorodskoye,RU,2022-08-31 23:07:43,56.55,37.8833,46.0,82,8,10.89
245,Caravelas,BR,2022-08-31 23:07:44,-17.7125,-39.2481,66.69,74,95,8.66
246,Araouane,ML,2022-08-31 23:03:49,18.9048,-3.5265,96.28,25,8,8.81
247,Beruwala,LK,2022-08-31 23:07:44,6.4788,79.9828,76.89,88,100,12.8
248,Sobolevo,RU,2022-08-31 23:07:44,54.4299,31.8996,45.0,77,62,7.34
249,Presidente Epitacio,BR,2022-08-31 23:07:45,-21.7633,-52.1156,72.84,49,0,6.62
250,Carnarvon,AU,2022-08-31 23:07:45,-24.8667,113.6333,64.24,38,15,15.66
251,Jeremoabo,BR,2022-08-31 23:07:45,-10.075,-38.4808,68.13,70,93,9.6
252,Saint-Augustin,CA,2022-08-31 23:05:02,51.226,-58.6502,65.34,91,95,12.24
253,Jesup,US,2022-08-31 23:06:30,31.6074,-81.8854,83.34,89,40,0.0
254,Mount Isa,AU,2022-08-31 23:07:45,-20.7333,139.5,71.37,60,74,8.05
255,Iqaluit,CA,2022-08-31 23:07:46,63.7506,-68.5145,45.7,75,96,18.01
256,Komsomolskiy,UZ,2022-08-31 23:07:46,40.4272,71.7189,70.52,37,0,9.22
257,Laguna,US,2022-08-31 23:07:46,38.421,-121.4238,103.05,20,0,6.91
258,Nizwa,OM,2022-08-31 23:07:47,22.9333,57.5333,82.65,44,8,2.55
259,Shingu,JP,2022-08-31 23:07:47,33.7333,135.9833,82.98,78,98,3.47
260,Hefei,CN,2022-08-31 23:07:47,31.8639,117.2808,69.24,84,99,4.43
261,Chifeng,CN,2022-08-31 23:07:47,42.2683,118.9636,54.66,48,0,3.62
262,Sulangan,PH,2022-08-31 23:07:48,11.1373,123.7228,84.0,73,88,6.85
263,Baturaja,ID,2022-08-31 23:07:48,-4.1333,104.1667,72.0,98,96,2.46
264,Neiafu,TO,2022-08-31 23:07:48,-18.65,-173.9833,79.48,73,40,2.3
265,Parral,MX,2022-08-31 23:05:32,26.9333,-105.6667,61.29,95,100,5.12
266,Olean,US,2022-08-31 23:07:48,42.0776,-78.4297,72.28,56,75,6.91
267,Vardo,NO,2022-08-31 23:07:49,70.3705,31.1107,42.78,75,100,11.5
268,Haines Junction,CA,2022-08-31 23:07:49,60.7522,-137.5108,60.42,43,9,8.61
269,Aykhal,RU,2022-08-31 23:07:49,66.0,111.5,36.21,97,100,5.37
270,Harper,LR,2022-08-31 23:07:50,4.375,-7.7169,73.99,95,100,11.92
271,Arlit,NE,2022-08-31 23:07:50,18.7369,7.3853,97.29,17,37,8.79
272,Uvat,RU,2022-08-31 23:07:50,59.1433,68.8953,50.05,96,100,8.97
273,Katangli,RU,2022-08-31 23:07:50,51.7102,143.2326,62.38,73,0,5.86
274,Padang,ID,2022-08-31 23:07:51,-0.9492,100.3543,75.25,84,73,3.96
275,Tete,MZ,2022-08-31 23:07:51,-16.1564,33.5867,67.87,65,71,11.16
276,Rocha,UY,2022-08-31 23:03:02,-34.4833,-54.3333,54.36,93,85,6.35
277,Ahipara,NZ,2022-08-31 23:07:51,-35.1667,173.1667,58.82,62,100,6.51
278,Sainte-Maxime,FR,2022-08-31 23:07:51,43.3,6.6333,72.93,77,57,5.35
279,Pokaran,IN,2022-08-31 23:07:52,26.9167,71.9167,85.55,58,5,9.57
280,Torbay,CA,2022-08-31 23:05:36,47.6666,-52.7314,71.38,86,11,4.0
281,Skibotn,NO,2022-08-31 23:07:52,69.3913,20.2679,43.36,87,100,4.97
282,Buchanan,LR,2022-08-31 23:07:52,5.8808,-10.0467,75.61,88,100,9.66
283,Cedar City,US,2022-08-31 23:04:05,37.6775,-113.0619,92.37,11,0,6.91
284,Parsabad,IR,2022-08-31 23:07:53,39.6482,47.9174,73.04,62,0,1.19
285,Iberia,US,2022-08-31 23:07:53,29.9502,-91.7507,91.4,52,0,3.44
286,Lata,PT,2022-08-31 23:08:53,40.1629,-8.3327,57.09,97,6,1.77
287,Khandyga,RU,2022-08-31 23:08:53,62.6667,135.6,46.17,91,100,1.43
288,Sirjan,IR,2022-08-31 23:08:54,29.452,55.6814,67.95,12,95,5.44
289,Gragnano,IT,2022-08-31 23:08:54,40.6956,14.5123,77.85,91,83,3.4
290,Aquiraz,BR,2022-08-31 23:08:54,-3.9014,-38.3911,79.18,83,21,11.95
291,Hargeysa,SO,2022-08-31 23:08:54,9.56,44.065,69.06,62,15,23.42
292,Jalu,LY,2022-08-31 23:08:55,29.0331,21.5482,79.45,57,0,13.33
293,Bulancak,TR,2022-08-31 23:08:55,40.9372,38.2291,78.62,83,75,0.0
294,Berasia,IN,2022-08-31 23:08:55,23.6333,77.4333,77.13,84,98,2.06
295,Yertarskiy,RU,2022-08-31 23:08:55,56.7902,64.2995,58.66,96,27,8.05
296,Lodwar,KE,2022-08-31 23:08:56,3.1191,35.5973,82.49,40,18,17.07
297,Saint-Pierre,RE,2022-08-31 23:08:56,-21.3393,55.4781,67.68,71,0,5.75
298,Dengfeng,CN,2022-08-31 23:08:56,34.4553,113.0281,70.03,76,46,1.21
299,Beckley,US,2022-08-31 23:05:47,37.7782,-81.1882,72.01,68,20,8.05
300,Carutapera,BR,2022-08-31 23:08:57,-1.195,-46.02,79.09,77,58,9.44
301,Kaili,ID,2022-08-31 23:08:57,-3.4626,120.2147,67.15,92,17,2.24
302,Beidao,CN,2022-08-31 23:08:57,34.5686,105.8933,58.98,69,53,1.99
303,Dubbo,AU,2022-08-31 23:08:57,-32.25,148.6167,55.53,82,83,10.36
304,Itaitinga,BR,2022-08-31 23:08:58,-3.9694,-38.5281,78.57,85,18,5.26
305,Faanui,PF,2022-08-31 23:08:58,-16.4833,-151.75,78.67,62,30,18.88
306,Bowen,AU,2022-08-31 23:08:58,-20.0167,148.2333,71.2,76,52,14.09
307,Antofagasta,CL,2022-08-31 23:04:17,-23.65,-70.4,56.48,83,40,6.53
308,Meulaboh,ID,2022-08-31 23:08:59,4.1363,96.1285,75.56,90,100,6.73
309,Mocuba,MZ,2022-08-31 23:08:59,-16.8392,36.9856,66.9,65,100,4.7
310,Bethanien,NA,2022-08-31 23:08:59,-26.502,17.1583,70.56,26,100,7.72
311,Hulst,NL,2022-08-31 23:08:59,51.28,4.0528,68.02,61,75,8.01
312,Meadow Lake,US,2022-08-31 23:09:00,34.8014,-106.5436,90.48,37,9,11.41
313,Morondava,MG,2022-08-31 23:09:00,-20.2833,44.2833,66.34,64,0,15.61
314,Xiashi,CN,2022-08-31 23:09:00,30.5363,120.6864,75.22,81,100,6.96
315,El Alto,PE,2022-08-31 23:09:00,-4.2714,-81.2147,64.06,79,75,21.59
316,Salalah,OM,2022-08-31 23:07:30,17.0151,54.0924,77.09,88,75,2.3
317,Inhambane,MZ,2022-08-31 23:09:01,-23.865,35.3833,62.02,77,53,9.42
318,Roald,NO,2022-08-31 23:09:01,62.5833,6.1333,56.34,87,7,11.5
319,Cabra,ES,2022-08-31 23:09:01,37.4725,-4.4421,76.08,27,0,3.09
320,Saint George,US,2022-08-31 23:05:39,37.1041,-113.5841,108.95,11,0,4.0
321,Zaykovo,RU,2022-08-31 23:09:02,57.5613,62.7568,55.18,95,100,5.88
322,Yerkoy,TR,2022-08-31 23:09:02,39.6381,34.4672,74.08,30,0,4.56
323,Naryan-Mar,RU,2022-08-31 23:09:02,67.6713,53.087,36.68,89,31,5.79
324,Chimbote,PE,2022-08-31 23:09:03,-9.0853,-78.5783,62.65,81,16,12.06
325,Santa Cruz,BO,2022-08-31 23:09:03,-17.8,-63.1667,80.65,44,0,11.5
326,Cooma,AU,2022-08-31 23:09:03,-36.2333,149.1333,44.37,100,75,9.22
327,Yar-Sale,RU,2022-08-31 23:09:04,66.8333,70.8333,41.81,81,91,8.86
328,Fare,PF,2022-08-31 23:09:04,-16.7,-151.0167,78.28,63,6,18.52
329,Asau,RO,2022-08-31 23:09:05,46.4333,26.4,65.32,87,97,3.09
330,Mashhad,IR,2022-08-31 23:09:05,36.297,59.6062,66.34,45,0,4.61
331,Djenne,ML,2022-08-31 23:07:21,13.9061,-4.5533,75.11,87,87,10.31
332,Portland,US,2022-08-31 23:06:00,45.5234,-122.6762,95.27,37,0,5.01
333,Conde,BR,2022-08-31 23:10:05,-7.2597,-34.9075,72.86,83,0,8.05
334,Leticia,CO,2022-08-31 23:10:06,-4.2153,-69.9406,80.58,83,20,2.3
335,Morgan City,US,2022-08-31 23:10:07,29.6994,-91.2068,93.0,65,100,3.71
336,Mahebourg,MU,2022-08-31 23:08:55,-20.4081,57.7,68.5,78,9,5.12
337,Sungaipenuh,ID,2022-08-31 23:10:07,-2.0833,101.3833,65.34,96,98,2.55
338,Charlestown,AU,2022-08-31 23:10:08,-32.95,151.6667,62.85,95,19,3.0
339,Eseka,CM,2022-08-31 23:10:08,3.65,10.7667,70.77,99,93,2.57
340,Acapulco,MX,2022-08-31 23:10:10,16.8634,-99.8901,85.82,70,40,5.75
341,Petropavlovsk-Kamchatskiy,RU,2022-08-31 23:10:11,53.0452,158.6483,62.78,67,0,11.18
342,Camacha,PT,2022-08-31 23:10:12,33.0833,-16.3333,69.22,73,40,10.36
343,Hangal,IN,2022-08-31 23:10:12,14.7667,75.1333,73.15,90,100,1.72
344,Pomabamba,PE,2022-08-31 23:10:13,-8.8333,-77.4667,58.91,48,55,5.82
345,College,US,2022-08-31 23:10:13,64.8569,-147.8028,64.72,61,75,8.05
346,Beira,MZ,2022-08-31 23:10:13,-19.8436,34.8389,69.01,61,25,15.86
347,Berbera,SO,2022-08-31 23:10:14,10.4396,45.0143,88.88,55,14,6.46
348,Ifakara,TZ,2022-08-31 23:10:14,-8.1333,36.6833,73.83,55,82,5.86
349,Goderich,CA,2022-08-31 23:10:14,43.7501,-81.7165,74.91,71,47,13.62
350,Pokhara,NP,2022-08-31 23:08:36,28.2333,83.9833,71.94,96,100,1.03
351,San Diego De La Union,MX,2022-08-31 23:10:15,21.4667,-100.8667,72.79,46,97,17.47
352,Half Moon Bay,US,2022-08-31 23:10:15,37.4636,-122.4286,90.88,61,0,24.16
353,Acarigua,VE,2022-08-31 23:10:16,9.5545,-69.1956,76.41,86,70,2.42
354,Anadyr,RU,2022-08-31 23:10:16,64.75,177.4833,45.1,93,75,13.42
355,Fortuna,US,2022-08-31 23:10:16,40.5982,-124.1573,67.93,79,0,13.8
356,Nizhniy Tsasuchey,RU,2022-08-31 23:10:17,50.5167,115.1333,54.43,47,8,11.25
357,Te Anau,NZ,2022-08-31 23:10:17,-45.4167,167.7167,54.5,88,76,3.89
358,Riviere-Au-Renard,CA,2022-08-31 23:10:17,48.9957,-64.3971,63.63,92,100,23.85
359,Port Blair,IN,2022-08-31 23:07:17,11.6667,92.75,81.27,82,99,5.97
360,Banda Aceh,ID,2022-08-31 23:10:18,5.5577,95.3222,78.87,79,85,10.36
361,Galveston,US,2022-08-31 23:10:18,29.3669,-94.9669,90.05,77,0,10.36
362,Minuri,PH,2022-08-31 23:10:19,16.535,121.8574,77.59,92,84,1.32
363,Ambilobe,MG,2022-08-31 23:10:19,-13.2,49.05,70.16,83,95,1.43
364,Berlevag,NO,2022-08-31 23:08:28,70.8578,29.0864,42.8,75,100,12.66
365,Grand Gaube,MU,2022-08-31 23:10:21,-20.0064,57.6608,70.81,72,9,3.91
366,Dunedin,NZ,2022-08-31 23:10:21,-45.8742,170.5036,54.81,80,47,1.01
367,Argudan,RU,2022-08-31 23:10:21,43.4214,43.9158,73.44,42,0,4.34
368,Nakhon Phanom,TH,2022-08-31 23:10:22,17.3333,104.4167,73.69,90,74,0.36
369,Contamana,PE,2022-08-31 23:10:22,-7.3333,-75.0167,84.0,42,68,3.27
370,Rudbar,AF,2022-08-31 23:10:23,30.15,62.6,77.49,20,14,8.08
371,Honningsvag,NO,2022-08-31 23:10:23,70.9821,25.9704,44.35,81,100,6.91
372,Kuryk,KZ,2022-08-31 23:10:23,43.2,51.65,80.49,31,0,8.23
373,Dingle,PH,2022-08-31 23:10:24,10.9995,122.6711,78.67,87,100,4.07
374,Kupang,ID,2022-08-31 23:10:24,-10.1667,123.5833,77.74,79,82,6.67
375,Rio Grande,BR,2022-08-31 23:11:25,-32.035,-52.0986,57.94,83,22,12.97
376,Novo Aripuana,BR,2022-08-31 23:11:25,-5.1206,-60.3797,84.33,36,46,2.82
377,Soyaniquilpan,MX,2022-08-31 23:11:25,19.9833,-99.5,63.7,66,85,13.65
378,Gizo,SB,2022-08-31 23:11:25,-8.103,156.8419,82.29,76,81,8.77
379,Odweyne,SO,2022-08-31 23:11:26,9.4092,45.064,72.39,58,71,14.09
380,Jinchang,CN,2022-08-31 23:11:26,38.4953,102.1739,62.82,54,8,3.15
381,Fairbanks,US,2022-08-31 23:07:26,64.8378,-147.7164,64.74,61,20,8.05
382,Souillac,MU,2022-08-31 23:11:26,-20.5167,57.5167,62.98,88,20,5.75
383,Ariquemes,BR,2022-08-31 23:11:27,-9.9133,-63.0408,83.98,35,0,2.39
384,Shimoda,JP,2022-08-31 23:11:28,34.6667,138.95,82.08,84,16,10.58
385,Eureka,US,2022-08-31 23:11:28,40.8021,-124.1637,68.2,87,36,5.01
386,Weihai,CN,2022-08-31 23:11:28,37.5017,122.1136,73.18,80,0,10.96
387,Namatanai,PG,2022-08-31 23:11:29,-3.6667,152.4333,83.91,66,83,12.71
388,Novyy Oskol,RU,2022-08-31 23:11:29,50.7631,37.8691,61.88,71,60,5.53
389,Brandfort,ZA,2022-08-31 23:11:30,-28.7001,26.4597,47.61,49,29,11.9
390,Mbuji-Mayi,CD,2022-08-31 23:11:30,-6.15,23.6,78.08,53,66,2.15
391,Brae,GB,2022-08-31 23:11:30,60.3964,-1.353,51.46,76,88,1.5
392,Kosa,RU,2022-08-31 23:11:31,59.9445,54.9977,49.46,93,97,5.17
393,Molina,CL,2022-08-31 23:11:31,-35.1167,-71.2833,53.37,68,100,4.61
394,Boralday,KZ,2022-08-31 23:11:31,43.3578,76.8594,58.86,44,20,4.47
395,Port Augusta,AU,2022-08-31 23:11:33,-32.5,137.7667,54.45,58,54,7.25
396,Dali,CN,2022-08-31 23:11:33,25.7,100.1833,63.34,97,100,3.31
397,Hambantota,LK,2022-08-31 23:08:31,6.1241,81.1185,77.41,83,100,15.43
398,Udachnyy,RU,2022-08-31 23:11:33,66.4167,112.4,37.45,93,91,3.22
399,Saint-Leu,RE,2022-08-31 23:11:33,-21.15,55.2833,67.32,77,9,9.78
400,Fazendas De Almeirim,PT,2022-08-31 23:11:34,39.1755,-8.5693,65.03,86,54,5.57
401,North Platte,US,2022-08-31 23:11:34,41.1239,-100.7654,83.32,54,0,10.36
402,Tupik,RU,2022-08-31 23:11:34,54.4253,119.9327,42.3,63,34,5.5
403,Geilo,NO,2022-08-31 23:11:35,60.5333,8.2076,50.7,79,7,3.74
404,Strezhevoy,RU,2022-08-31 23:11:35,60.7333,77.5889,43.84,96,100,7.47
405,Togur,RU,2022-08-31 23:11:35,58.3631,82.8265,53.73,86,100,4.43
406,Muravlenko,RU,2022-08-31 23:11:35,63.7898,74.523,44.19,70,100,6.44
407,Viedma,AR,2022-08-31 23:09:39,-40.8135,-62.9967,51.78,52,93,7.67
408,Anzhero-Sudzhensk,RU,2022-08-31 23:11:36,56.081,86.0285,58.08,97,100,4.25
409,Progreso,MX,2022-08-31 23:11:36,21.2833,-89.6667,78.91,72,90,12.8
410,Axim,GH,2022-08-31 23:10:04,4.8699,-2.2405,74.26,92,78,9.37
411,Clyde River,CA,2022-08-31 23:11:36,70.4692,-68.5914,39.43,81,100,11.5
412,Jawhar,SO,2022-08-31 23:11:37,2.7809,45.5005,73.78,82,73,15.77
413,Tongren,CN,2022-08-31 23:11:37,27.7172,109.1853,70.14,79,100,1.74
414,Paamiut,GL,2022-08-31 23:11:37,61.994,-49.6678,41.94,77,41,10.74
415,Arcata,US,2022-08-31 23:11:33,40.8665,-124.0828,68.2,85,100,8.05
416,Beloha,MG,2022-08-31 23:11:37,-25.1667,45.05,61.3,52,93,11.23
417,Letterkenny,IE,2022-08-31 23:11:38,54.95,-7.7333,51.69,93,0,1.36
418,Glossa,GR,2022-08-31 23:11:38,35.4717,23.7763,74.08,75,0,1.88
419,Codrington,AU,2022-08-31 23:11:38,-38.2667,141.9667,49.23,76,100,8.43
420,Nguruka,TZ,2022-08-31 23:11:38,-5.1092,31.0419,74.86,42,84,5.48
421,Gamba,GA,2022-08-31 23:12:39,-2.65,10.0,73.44,87,57,8.57
422,Carhuaz,PE,2022-08-31 23:12:39,-9.2819,-77.6447,62.29,47,46,5.08
423,Wyszkow,PL,2022-08-31 23:12:39,52.5928,21.4584,60.15,74,54,7.74
424,Trapani,IT,2022-08-31 23:12:40,37.8333,12.6667,79.27,78,40,2.3
425,Provideniya,RU,2022-08-31 23:12:40,64.3833,-173.3,48.36,93,100,8.99
426,Moussoro,TD,2022-08-31 23:12:40,13.6408,16.4901,72.99,89,100,27.6
427,Pomichna,UA,2022-08-31 23:12:41,48.2422,31.4158,62.62,60,100,8.88
428,Gornopravdinsk,RU,2022-08-31 23:12:41,60.05,69.9,48.34,95,100,9.48
429,Darhan,MN,2022-08-31 23:12:41,49.4867,105.9228,50.32,63,15,5.79
430,Preobrazheniye,RU,2022-08-31 23:12:42,42.9019,133.9064,66.7,76,0,7.18
431,Pemangkat,ID,2022-08-31 23:12:42,1.1667,108.9667,77.4,89,100,4.16
432,Pacific Grove,US,2022-08-31 23:11:22,36.6177,-121.9166,83.55,76,0,11.99
433,Quimper,FR,2022-08-31 23:12:42,48.0,-4.1,64.98,100,75,4.61
434,Traralgon,AU,2022-08-31 23:12:43,-38.1833,146.5333,51.26,67,11,2.33
435,Andros Town,BS,2022-08-31 23:12:43,24.7,-77.7667,85.96,65,11,8.75
436,Karachi,PK,2022-08-31 23:12:07,24.9056,67.0822,80.42,83,40,13.8
437,Mercedes,AR,2022-08-31 23:12:43,-34.6515,-59.4307,64.63,70,98,7.94
438,Orapa,BW,2022-08-31 23:12:43,-21.2833,25.3667,58.69,58,0,18.61
439,Zheleznodorozhnyy,RU,2022-08-31 23:12:44,55.7503,38.0042,53.15,72,24,8.68
440,Orbetello,IT,2022-08-31 23:12:44,42.4408,11.2196,71.62,94,81,2.3
441,Sitka,US,2022-08-31 23:12:35,57.0531,-135.33,62.49,67,0,5.75
442,Gavle,SE,2022-08-31 23:12:44,60.6745,17.1417,48.92,89,17,1.01
443,Hamilton,US,2022-08-31 23:12:45,39.1834,-84.5333,80.94,53,0,11.5
444,Kirakira,SB,2022-08-31 23:12:45,-10.4544,161.9205,79.72,83,100,11.12
445,Chapais,CA,2022-08-31 23:12:45,49.7834,-74.8492,53.38,88,100,5.88
446,Balkhash,KZ,2022-08-31 23:12:45,46.844,74.9804,70.41,32,0,7.14
447,Buala,SB,2022-08-31 23:12:46,-8.145,159.5921,81.9,79,98,10.16
448,Port Hardy,CA,2022-08-31 23:12:46,50.6996,-127.4199,64.58,77,40,9.22
449,Bacum,MX,2022-08-31 23:12:46,27.55,-110.0833,79.18,63,72,12.03
450,Luderitz,NA,2022-08-31 23:12:46,-26.6481,15.1594,56.03,83,5,3.42
451,Berdigestyakh,RU,2022-08-31 23:12:47,62.0989,126.6992,41.54,77,89,5.35
452,Eilenburg,DE,2022-08-31 23:12:47,51.4598,12.6334,60.98,70,100,6.24
453,San Bartolome De Tirajana,ES,2022-08-31 23:12:47,27.9248,-15.5733,64.87,89,20,20.71
454,Hervey Bay,AU,2022-08-31 23:11:59,-25.2986,152.8535,66.02,94,46,8.99
455,Nantucket,US,2022-08-31 23:12:48,41.2835,-70.0995,78.91,87,0,10.36
456,San Patricio,US,2022-08-31 23:12:48,28.017,-97.5169,89.55,57,100,10.94
457,Patea,NZ,2022-08-31 23:12:48,-39.7583,174.4833,56.95,62,4,7.87
458,Denpasar,ID,2022-08-31 23:09:48,-8.65,115.2167,76.71,94,75,12.66
459,Cayenne,GF,2022-08-31 23:12:48,4.9333,-52.3333,77.04,88,0,1.14
460,Bijie,CN,2022-08-31 23:12:49,27.3125,105.2942,56.62,87,100,2.04
461,Constitucion,CL,2022-08-31 23:12:49,-35.3333,-72.4167,52.74,86,100,8.86
462,Abha,SA,2022-08-31 23:12:49,18.2164,42.5053,66.45,26,0,0.0
463,Zhigansk,RU,2022-08-31 23:12:49,66.7697,123.3711,42.91,80,100,11.1
464,Puerto Ayacucho,VE,2022-08-31 23:12:50,5.6639,-67.6236,76.87,85,66,2.19
465,Hirara,JP,2022-08-31 23:10:27,24.8,125.2833,84.06,100,75,25.32
466,Mahajanga,MG,2022-08-31 23:12:02,-15.7167,46.3167,72.23,56,4,11.39
467,Balod,IN,2022-08-31 23:13:50,20.73,81.2047,77.18,85,100,4.27
468,Olinda,BR,2022-08-31 23:09:26,-8.0089,-34.8553,74.93,78,40,8.05
469,Puerto Leguizamo,CO,2022-08-31 23:13:50,-0.1934,-74.7819,73.71,92,59,2.98
470,Nikki,BJ,2022-08-31 23:13:51,9.9401,3.2108,71.15,97,100,7.14
471,Beipiao,CN,2022-08-31 23:13:51,41.7919,120.7792,56.08,51,0,3.78
472,Faya,SA,2022-08-31 23:13:52,18.3851,42.4509,66.72,32,23,3.8
473,Perpignan,FR,2022-08-31 23:13:52,42.75,2.75,76.64,53,0,8.05
474,Abu Zabad,SD,2022-08-31 23:13:52,12.35,29.25,74.1,85,7,10.83
475,Grand-Lahou,CI,2022-08-31 23:13:52,5.1367,-5.0242,73.71,93,86,9.75
476,Bilara,IN,2022-08-31 23:13:53,26.1792,73.7056,82.02,69,32,6.64
477,Mugur-Aksy,RU,2022-08-31 23:13:53,50.35,90.5,46.0,53,83,5.44
478,Santa Rosa,PH,2022-08-31 23:13:53,14.3122,121.1114,81.1,86,98,4.88
479,Omboue,GA,2022-08-31 23:13:54,-1.5746,9.2618,75.18,84,64,8.86
480,Hasaki,JP,2022-08-31 23:13:54,35.7333,140.8333,84.6,82,30,21.18
481,Nadvoitsy,RU,2022-08-31 23:13:54,63.8667,34.3167,46.24,70,100,17.13
482,Warren,US,2022-08-31 23:13:54,39.4334,-84.1666,80.24,52,75,8.05
483,Eskil,TR,2022-08-31 23:13:55,38.4017,33.4131,71.44,22,0,4.81
484,Chinhoyi,ZW,2022-08-31 23:13:55,-17.3667,30.2,57.45,63,1,9.64
485,Pacifica,US,2022-08-31 23:13:55,37.6138,-122.4869,87.91,76,20,24.16
486,Rio De Janeiro,BR,2022-08-31 23:12:58,-22.9028,-43.2075,68.95,65,20,14.97
487,Bodrum,TR,2022-08-31 23:10:11,37.0383,27.4292,76.48,86,0,3.89
488,Olavarria,AR,2022-08-31 23:13:56,-36.8927,-60.3225,55.2,73,100,5.5
489,Trinidad,BO,2022-08-31 23:13:56,-14.8333,-64.9,80.58,57,0,0.0
490,Kutum,SD,2022-08-31 23:13:56,14.2,24.6667,76.46,61,74,5.91
491,Lavrentiya,RU,2022-08-31 23:13:56,65.5833,-171.0,45.14,98,100,9.28
492,Svetlogorsk,BY,2022-08-31 23:13:33,52.6333,29.7333,51.15,64,31,5.5
493,Eyl,SO,2022-08-31 23:13:57,7.9803,49.8164,76.41,80,62,20.4
494,Niquelandia,BR,2022-08-31 23:13:57,-14.4739,-48.4597,76.68,33,8,7.02
495,Broome,US,2022-08-31 23:13:57,42.2506,-75.833,74.08,58,0,9.22
496,Diffa,NE,2022-08-31 23:13:58,13.3154,12.6113,83.48,59,64,6.67
497,Toamasina,MG,2022-08-31 23:13:58,-18.1667,49.3833,67.8,89,24,2.39
498,Ugoofaaru,MV,2022-08-31 23:13:58,5.6667,73.0,79.34,77,100,19.53
499,Nemuro,JP,2022-08-31 23:13:58,43.3236,145.575,62.76,94,100,10.69
500,Mingshui,CN,2022-08-31 23:13:59,36.7167,117.5,69.91,85,0,0.13
501,Boca Do Acre,BR,2022-08-31 23:13:59,-8.7522,-67.3978,83.16,44,8,1.74
502,Banyo,CM,2022-08-31 23:13:59,6.75,11.8167,64.83,96,99,2.57
503,Vaitape,PF,2022-08-31 23:12:36,-16.5167,-151.75,78.67,62,30,18.81
504,Llandrindod Wells,GB,2022-08-31 23:14:00,52.2416,-3.3787,55.38,84,100,8.43
505,Balabac,PH,2022-08-31 23:14:00,7.9868,117.0645,82.02,76,100,3.38
506,Mecca,SA,2022-08-31 23:14:00,21.4267,39.8261,88.16,51,4,3.58
507,Jijiang,CN,2022-08-31 23:14:00,29.2906,106.2542,72.5,77,100,1.19
508,Ravar,IR,2022-08-31 23:14:01,31.2656,56.8055,72.97,12,56,4.9
509,Cockburn Town,TC,2022-08-31 23:14:01,21.4612,-71.1419,83.21,75,7,11.34
510,Minyar,RU,2022-08-31 23:15:02,55.0709,57.5485,63.45,64,89,4.05
511,Jackson,US,2022-08-31 23:13:56,42.4165,-122.8345,103.39,17,0,6.91
512,Atasu,KZ,2022-08-31 23:15:03,48.6814,71.6433,68.85,22,4,7.38
513,Dahuk,IQ,2022-08-31 23:15:03,36.8695,42.994,86.38,11,2,4.41
514,Wanning,CN,2022-08-31 23:15:03,18.8003,110.3967,78.98,87,7,2.48
515,Payo,ID,2022-08-31 23:15:04,-3.7508,103.6372,71.35,97,91,1.74
516,Coquimbo,CL,2022-08-31 23:13:16,-29.9533,-71.3436,53.33,76,100,5.75
517,Talcahuano,CL,2022-08-31 23:15:04,-36.7167,-73.1167,53.28,76,40,5.75
518,Saint-Joseph,RE,2022-08-31 23:12:06,-21.3667,55.6167,66.58,77,9,4.29
519,Inongo,CD,2022-08-31 23:15:04,-1.95,18.2667,70.93,84,81,3.53
520,Vila Praia De Ancora,PT,2022-08-31 23:15:04,41.811,-8.8526,64.11,88,100,2.42
521,Maceio,BR,2022-08-31 23:15:05,-9.6658,-35.7353,71.04,94,75,5.75
522,Dondo,MZ,2022-08-31 23:15:05,-19.6094,34.7431,66.27,66,22,9.75
523,Yulara,AU,2022-08-31 23:15:05,-25.2406,130.9889,52.83,86,100,9.42
524,Abomsa,ET,2022-08-31 23:15:06,9.9833,39.9833,69.31,65,14,6.44
525,Reykjavik,IS,2022-08-31 23:14:24,64.1355,-21.8954,48.38,87,75,10.36
526,Richards Bay,ZA,2022-08-31 23:10:25,-28.783,32.0377,59.25,69,69,4.43
527,Nome,US,2022-08-31 23:15:06,64.5011,-165.4064,51.87,93,100,10.36
528,Wanlaweyn,SO,2022-08-31 23:15:07,2.6185,44.8938,74.03,81,81,16.06
529,Porto Belo,BR,2022-08-31 23:15:07,-27.1578,-48.5531,65.25,83,38,11.16
530,Idar,DE,2022-08-31 23:15:07,49.7167,7.3,62.96,82,95,4.79
531,Bembereke,BJ,2022-08-31 23:15:08,10.2283,2.6634,70.63,94,100,7.18
532,Elliot Lake,CA,2022-08-31 23:15:08,46.3834,-82.6331,58.73,53,4,9.89
533,Mbanza-Ngungu,CD,2022-08-31 23:15:08,-5.25,14.8667,72.28,63,53,8.68
534,Sola,VU,2022-08-31 23:15:09,-13.8833,167.55,79.93,74,99,23.96
535,Partizanskoye,RU,2022-08-31 23:15:09,55.5006,94.39,56.53,93,100,15.19
536,Ocos,GT,2022-08-31 23:15:09,14.5094,-92.1933,77.18,77,86,6.46
537,Wajid,SO,2022-08-31 23:15:10,3.8093,43.2471,72.1,69,19,19.51
538,Miri,MY,2022-08-31 23:15:10,4.4148,114.0089,73.54,100,20,0.0
539,Samarai,PG,2022-08-31 23:15:11,-10.6167,150.6667,78.62,88,100,22.15
540,Luba,GQ,2022-08-31 23:15:11,3.4568,8.5547,76.86,88,97,5.79
541,San Cristobal,VE,2022-08-31 23:15:11,7.7669,-72.225,75.38,84,47,3.11
542,Ouallam,NE,2022-08-31 23:15:11,14.3188,2.0866,86.58,57,100,9.62
543,Fort Nelson,CA,2022-08-31 23:15:12,58.8053,-122.7002,54.99,82,100,9.22
544,Bonavista,CA,2022-08-31 23:15:12,48.6499,-53.1147,66.11,76,91,12.28
545,Kijang,KR,2022-08-31 23:15:12,35.2442,129.2139,74.93,85,100,9.91
546,Aviles,ES,2022-08-31 23:15:13,43.5547,-5.9248,65.93,87,20,3.44
547,Kaitangata,NZ,2022-08-31 23:15:13,-46.2817,169.8464,53.47,71,77,2.84
548,Nhulunbuy,AU,2022-08-31 23:15:13,-12.2333,136.7667,83.01,69,75,14.97
549,Sembe,CG,2022-08-31 23:15:13,1.6481,14.5806,70.45,96,69,2.13
550,Emba,KZ,2022-08-31 23:15:14,48.8264,58.1442,73.63,29,7,4.18
551,Saint-Georges,GD,2022-08-31 23:15:14,12.0564,-61.7485,82.08,78,20,9.22
552,Botwood,CA,2022-08-31 23:15:14,49.1499,-55.3482,70.9,68,31,8.03
553,Tucuman,AR,2022-08-31 23:15:15,-26.8241,-65.2226,64.4,34,0,5.75
554,Ola,RU,2022-08-31 23:15:15,59.5833,151.2833,57.15,75,11,1.9
555,Yuancheng,CN,2022-08-31 23:15:15,36.652,107.7896,61.72,55,58,2.44
556,Kindberg,AT,2022-08-31 23:15:16,47.5,15.45,59.43,98,100,3.71
557,Mount Gambier,AU,2022-08-31 23:11:33,-37.8333,140.7667,49.91,93,75,10.36
558,Khani,GE,2022-08-31 23:13:17,41.9563,42.9566,63.97,41,51,4.99
559,Dharchula,IN,2022-08-31 23:16:16,29.85,80.5333,70.63,93,97,1.66
560,Paso De Carrasco,UY,2022-08-31 23:16:16,-34.8603,-56.0522,59.14,88,75,4.61
561,La Asuncion,VE,2022-08-31 23:15:04,11.0333,-63.8628,85.73,62,76,9.22
562,Marsaxlokk,MT,2022-08-31 23:16:17,35.8419,14.5431,81.09,69,91,10.89
563,Hay River,CA,2022-08-31 23:15:06,60.8156,-115.7999,66.18,52,75,3.44
564,Anchorage,US,2022-08-31 23:14:35,61.2181,-149.9003,56.95,87,100,9.22
565,Chiplun,IN,2022-08-31 23:16:17,17.5333,73.5167,77.23,96,96,0.38
566,Sangar,RU,2022-08-31 23:13:06,63.9242,127.4739,42.49,89,89,7.9
567,Ostrovnoy,RU,2022-08-31 23:16:18,68.0531,39.5131,44.85,71,99,13.94
568,Purranque,CL,2022-08-31 23:16:18,-40.9167,-73.1667,50.29,96,94,2.62
569,Namibe,AO,2022-08-31 23:16:18,-15.1961,12.1522,64.17,86,60,10.6
570,Mandan,US,2022-08-31 23:16:19,46.8267,-100.8896,91.81,31,0,6.91
571,Wageningen,NL,2022-08-31 23:16:19,51.9667,5.6667,64.94,74,99,10.36
572,Amboasary,MG,2022-08-31 23:16:19,-25.0333,46.3833,63.46,51,69,10.4
573,Chapleau,CA,2022-08-31 23:16:20,47.8405,-83.4034,51.89,62,75,6.91
574,Fuyang,CN,2022-08-31 23:16:20,32.9,115.8167,67.82,85,93,4.27
575,Kudahuvadhoo,MV,2022-08-31 23:16:20,2.6708,72.8944,81.45,73,88,18.95
576,Gazojak,TM,2022-08-31 23:16:21,41.1875,61.4036,77.92,14,0,9.78
577,Jutai,BR,2022-08-31 23:16:21,-5.1833,-68.9,79.14,71,93,1.01
578,Jega,NG,2022-08-31 23:16:22,12.2175,4.3792,78.17,79,95,7.11
579,Raudeberg,NO,2022-08-31 23:16:22,61.9875,5.1352,54.27,1,10,1.54
580,Diplo,PK,2022-08-31 23:16:22,24.4667,69.584,80.76,81,20,11.74
581,Barroquinha,BR,2022-08-31 23:16:23,-3.0189,-41.1361,75.24,78,11,5.21
582,Goalpara,IN,2022-08-31 23:16:23,26.1667,90.6167,77.18,95,99,1.83
583,Mataram,ID,2022-08-31 23:16:23,-8.5833,116.1167,77.81,86,92,9.6
584,Srednekolymsk,RU,2022-08-31 23:16:24,67.45,153.6833,49.21,46,100,9.57
585,Yeniseysk,RU,2022-08-31 23:16:24,58.4497,92.1703,41.14,97,79,4.36
